{
  "accuracy": 0.7455968688845401,
  "precision": 0.13793103448275862,
  "recall": 0.8,
  "f1": 0.23529411764705882,
  "roc_auc": 0.8436625514403292
}